State,County,Hospital,Number of Completed Surveys
AK,Anchorage,3,3675
AK,Bethel,1,265
AK,Fairbanks North Star,1,666
AK,Juneau,1,270
AK,Ketchikan Gateway,1,123
AK,Kodiak Island,1,89
AK,Matanuska Susitna,1,633
AK,Nome,1,61
AK,Sitka,2,50
AL,Autauga,1,579
AL,Baldwin,3,2274
AL,Barbour,1,184
AL,Bibb,1,50
AL,Blount,1,128
AL,Bullock,1,56
AL,Butler,2,246
AL,Calhoun,3,1580
AL,Cherokee,1,118
AL,Clarke,2,235
AL,Clay,1,126
AL,Coffee,1,585
AL,Colbert,2,868
AL,Conecuh,1,292
AL,Covington,2,566
AL,Crenshaw,1,69
AL,Cullman,1,424
AL,Dale,1,195
AL,Dallas,1,466
AL,De Kalb,1,563
AL,Elmore,2,387
AL,Escambia,2,525
AL,Etowah,2,2262
AL,Fayette,1,166
AL,Franklin,2,398
AL,Geneva,1,160
AL,Hale,1,67
AL,Houston,2,1851
AL,Jackson,1,291
AL,Jefferson,9,15586
AL,Lauderdale,1,380
AL,Lawrence,1,102
AL,Lee,1,1518
AL,Limestone,2,413
AL,Madison,2,3026
AL,Marengo,1,136
AL,Marion,2,337
AL,Marshall,1,1250
AL,Mobile,5,6251
AL,Monroe,1,202
AL,Montgomery,3,3953
AL,Morgan,1,555
AL,Pickens,1,51
AL,Pike,1,308
AL,Randolph,1,50
AL,Russell,1,318
AL,Saint Clair,1,351
AL,Shelby,1,871
AL,Talladega,2,813
AL,Tallapoosa,2,803
AL,Tuscaloosa,1,1172
AL,Walker,1,533
AL,Wilcox,1,50
AL,Winston,1,259
AR,Arkansas,2,304
AR,Ashley,1,126
AR,Baxter,1,643
AR,Benton,3,1934
AR,Boone,1,545
AR,Bradley,1,52
AR,Carroll,2,90
AR,Clark,1,246
AR,Clay,1,113
AR,Cleburne,1,180
AR,Columbia,1,201
AR,Craighead,2,3723
AR,Crawford,1,130
AR,Cross,1,170
AR,Dallas,1,50
AR,Desha,2,100
AR,Drew,1,257
AR,Faulkner,2,1286
AR,Franklin,1,50
AR,Fulton,1,134
AR,Garland,3,1753
AR,Greene,1,608
AR,Hempstead,1,146
AR,Hot Spring,1,159
AR,Howard,1,78
AR,Independence,1,978
AR,Izard,1,85
AR,Jefferson,1,1241
AR,Johnson,1,220
AR,Lawrence,1,73
AR,Logan,2,50
AR,Mississippi,2,254
AR,Ouachita,1,281
AR,Phillips,1,364
AR,Polk,1,118
AR,Pope,1,520
AR,Pulaski,9,11171
AR,Randolph,1,97
AR,Saint Francis,1,396
AR,Saline,1,639
AR,Scott,1,50
AR,Sebastian,2,3515
AR,Sevier,1,61
AR,Union,1,531
AR,Van Buren,1,88
AR,Washington,3,3282
AR,White,1,946
AR,Yell,2,296
AZ,Apache,4,600
AZ,Cochise,4,627
AZ,Coconino,3,1896
AZ,Gila,3,732
AZ,Graham,1,327
AZ,La Paz,2,153
AZ,Maricopa,37,42867
AZ,Mohave,4,1939
AZ,Navajo,4,629
AZ,Pima,9,13032
AZ,Pinal,5,1638
AZ,Santa Cruz,1,161
AZ,Yavapai,2,1794
AZ,Yuma,1,810
CA,Alameda,13,15827
CA,Amador,1,412
CA,Butte,4,2593
CA,Calaveras,1,115
CA,Contra Costa,7,7217
CA,Del Norte,1,317
CA,El Dorado,2,744
CA,Fresno,8,6798
CA,Glenn,1,50
CA,Humboldt,4,1435
CA,Imperial,2,996
CA,Inyo,2,139
CA,Kern,10,4562
CA,Kings,1,1089
CA,Lake,2,491
CA,Lassen,1,167
CA,Los Angeles,82,72736
CA,Madera,1,449
CA,Marin,3,2938
CA,Mariposa,1,50
CA,Mendocino,3,1039
CA,Merced,2,1361
CA,Modoc,2,50
CA,Mono,1,141
CA,Monterey,4,2521
CA,Napa,2,1576
CA,Nevada,2,1087
CA,Orange,27,31515
CA,Placer,3,6885
CA,Plumas,3,62
CA,Riverside,16,18716
CA,Sacramento,9,18484
CA,San Benito,1,275
CA,San Bernardino,18,18615
CA,San Diego,16,29105
CA,San Francisco,10,9476
CA,San Joaquin,7,5483
CA,San Luis Obispo,3,2054
CA,San Mateo,7,6822
CA,Santa Barbara,5,6309
CA,Santa Clara,10,13980
CA,Santa Cruz,3,2344
CA,Shasta,4,1773
CA,Siskiyou,2,476
CA,Solano,4,5012
CA,Sonoma,8,6059
CA,Stanislaus,5,4481
CA,Sutter,1,195
CA,Tehama,1,345
CA,Tulare,4,2727
CA,Tuolumne,1,872
CA,Ventura,7,5566
CA,Yolo,2,856
CA,Yuba,1,266
CO,Adams,5,7003
CO,Alamosa,1,295
CO,Arapahoe,3,2748
CO,Archuleta,1,80
CO,Boulder,4,3682
CO,Broomfield,1,324
CO,Chaffee,1,209
CO,Delta,1,398
CO,Denver,6,8175
CO,Douglas,3,1873
CO,Eagle,1,482
CO,El Paso,2,4902
CO,Fremont,1,245
CO,Garfield,2,698
CO,Gunnison,1,136
CO,Jefferson,3,2761
CO,Kit Carson,1,50
CO,La Plata,2,557
CO,Larimer,5,7111
CO,Las Animas,1,96
CO,Logan,1,254
CO,Mesa,3,2727
CO,Moffat,1,148
CO,Montezuma,1,246
CO,Montrose,1,373
CO,Morgan,2,336
CO,Pitkin,1,180
CO,Prowers,1,118
CO,Pueblo,2,1359
CO,Rio Blanco,2,50
CO,Rio Grande,1,86
CO,Routt,1,320
CO,Summit,1,310
CO,Teller,1,128
CO,Weld,1,945
CO,Yuma,2,117
CT,Fairfield,6,5523
CT,Hartford,8,10847
CT,Litchfield,2,736
CT,Middlesex,1,1509
CT,New Haven,8,5062
CT,New London,2,2627
CT,Tolland,2,673
CT,Windham,2,768
DC,District Of Columbia,8,8352
DE,Kent,1,830
DE,New Castle,3,1629
DE,Sussex,3,1525
FL,Alachua,2,5883
FL,Bay,2,2014
FL,Bradford,1,219
FL,Brevard,7,8363
FL,Broward,14,21232
FL,Charlotte,3,2942
FL,Citrus,2,1759
FL,Clay,2,2572
FL,Collier,2,2684
FL,Columbia,2,1406
FL,De Soto,1,258
FL,Duval,7,12495
FL,Escambia,3,6767
FL,Flagler,1,1616
FL,Gulf,1,89
FL,Hendry,1,61
FL,Hernando,2,2511
FL,Highlands,2,2517
FL,Hillsborough,10,17694
FL,Indian River,2,1916
FL,Jackson,1,284
FL,Lake,3,8452
FL,Lee,4,12086
FL,Leon,2,2065
FL,Levy,1,166
FL,Madison,1,55
FL,Manatee,3,3957
FL,Marion,2,4436
FL,Martin,1,3859
FL,Miami Dade,21,22097
FL,Monroe,3,680
FL,Nassau,1,382
FL,Okaloosa,3,2142
FL,Okeechobee,1,724
FL,Orange,4,14833
FL,Osceola,3,2218
FL,Palm Beach,12,12537
FL,Pasco,6,7340
FL,Pinellas,11,18654
FL,Polk,5,10709
FL,Putnam,1,845
FL,Saint Johns,1,707
FL,Saint Lucie,2,2524
FL,Santa Rosa,3,1715
FL,Sarasota,4,7812
FL,Seminole,2,1097
FL,Sumter,1,3568
FL,Suwannee,1,198
FL,Taylor,1,132
FL,Volusia,5,7987
FL,Walton,2,1139
FL,Washington,1,81
GA,Appling,1,125
GA,Bacon,1,239
GA,Baldwin,1,451
GA,Barrow,1,184
GA,Bartow,1,1131
GA,Ben Hill,1,181
GA,Berrien,1,50
GA,Bibb,3,2737
GA,Brooks,1,71
GA,Bulloch,1,681
GA,Burke,1,59
GA,Camden,1,273
GA,Candler,1,126
GA,Carroll,2,1359
GA,Chatham,3,3229
GA,Chattooga,1,665
GA,Cherokee,1,1278
GA,Clarke,2,2222
GA,Clayton,1,490
GA,Clinch,1,54
GA,Cobb,2,4610
GA,Coffee,1,405
GA,Colquitt,2,376
GA,Cook,1,50
GA,Coweta,2,1455
GA,Crisp,1,523
GA,Decatur,1,342
GA,Dekalb,4,1420
GA,Dodge,1,178
GA,Dougherty,1,1231
GA,Douglas,1,549
GA,Effingham,1,50
GA,Elbert,1,110
GA,Emanuel,1,163
GA,Evans,1,121
GA,Fannin,1,324
GA,Fayette,1,1704
GA,Floyd,2,2083
GA,Forsyth,1,2367
GA,Franklin,1,234
GA,Fulton,8,12096
GA,Glynn,1,469
GA,Gordon,1,521
GA,Grady,1,234
GA,Greene,1,143
GA,Gwinnett,2,2821
GA,Habersham,1,276
GA,Hall,1,3220
GA,Haralson,1,156
GA,Henry,1,1802
GA,Houston,2,774
GA,Irwin,1,55
GA,Jackson,1,135
GA,Jefferson,1,61
GA,Lanier,1,50
GA,Laurens,1,1001
GA,Liberty,1,231
GA,Lowndes,1,762
GA,Lumpkin,1,64
GA,Mcduffie,1,87
GA,Miller,1,50
GA,Mitchell,1,62
GA,Monroe,1,50
GA,Morgan,1,90
GA,Murray,1,93
GA,Muscogee,3,2740
GA,Newton,1,644
GA,Paulding,1,591
GA,Peach,1,166
GA,Pickens,1,549
GA,Polk,1,171
GA,Pulaski,1,194
GA,Putnam,1,63
GA,Rabun,1,74
GA,Randolph,1,50
GA,Richmond,4,3869
GA,Rockdale,1,495
GA,Seminole,1,129
GA,Spalding,1,528
GA,Stephens,1,272
GA,Sumter,1,345
GA,Thomas,1,640
GA,Tift,1,964
GA,Toombs,1,362
GA,Towns,1,59
GA,Troup,1,572
GA,Union,1,440
GA,Upson,1,251
GA,Walton,1,537
GA,Ware,1,386
GA,Washington,1,117
GA,Wayne,1,227
GA,Whitfield,1,407
GA,Wilkes,1,50
HI,Hawaii,6,1356
HI,Honolulu,10,10218
HI,Kauai,3,585
HI,Maui,4,575
IA,Adams,1,50
IA,Allamakee,1,160
IA,Appanoose,1,127
IA,Benton,1,90
IA,Black Hawk,3,1471
IA,Boone,1,222
IA,Bremer,2,205
IA,Buchanan,1,82
IA,Buena Vista,1,248
IA,Calhoun,1,114
IA,Carroll,2,455
IA,Cass,1,119
IA,Cerro Gordo,1,1304
IA,Cherokee,1,175
IA,Chickasaw,1,52
IA,Clarke,1,50
IA,Clay,1,337
IA,Clayton,2,136
IA,Clinton,2,827
IA,Crawford,1,148
IA,Dallas,1,50
IA,Davis,1,55
IA,Decatur,1,50
IA,Delaware,1,235
IA,Des Moines,1,572
IA,Dickinson,1,152
IA,Dubuque,3,1322
IA,Emmet,1,126
IA,Fayette,2,150
IA,Floyd,1,169
IA,Franklin,1,50
IA,Grundy,1,102
IA,Guthrie,1,97
IA,Hamilton,1,133
IA,Hancock,1,50
IA,Hardin,1,55
IA,Harrison,1,50
IA,Henry,1,86
IA,Howard,1,50
IA,Humboldt,1,69
IA,Ida,1,50
IA,Iowa,1,80
IA,Jackson,1,50
IA,Jasper,1,215
IA,Jefferson,1,131
IA,Johnson,2,876
IA,Kossuth,1,140
IA,Lee,2,462
IA,Linn,2,2208
IA,Lucas,1,83
IA,Lyon,1,50
IA,Madison,1,51
IA,Mahaska,1,206
IA,Marion,2,455
IA,Marshall,1,341
IA,Mitchell,1,51
IA,Monona,1,140
IA,Monroe,1,84
IA,Montgomery,1,152
IA,Muscatine,1,210
IA,Obrien,2,142
IA,Osceola,1,123
IA,Page,2,183
IA,Palo Alto,1,50
IA,Plymouth,1,144
IA,Polk,4,6489
IA,Pottawattamie,2,1800
IA,Poweshiek,1,328
IA,Sac,1,50
IA,Scott,2,3545
IA,Shelby,1,170
IA,Sioux,4,381
IA,Story,2,723
IA,Union,1,205
IA,Van Buren,1,50
IA,Wapello,1,300
IA,Washington,1,130
IA,Webster,1,363
IA,Winneshiek,1,257
IA,Woodbury,2,1605
IA,Wright,2,502
ID,Ada,3,5651
ID,Bannock,1,650
ID,Bear Lake,1,82
ID,Benewah,1,72
ID,Bingham,2,329
ID,Blaine,1,268
ID,Bonner,1,354
ID,Bonneville,2,1488
ID,Canyon,2,1247
ID,Caribou,1,52
ID,Cassia,1,284
ID,Clearwater,1,234
ID,Elmore,1,96
ID,Franklin,1,142
ID,Gooding,1,115
ID,Idaho,2,346
ID,Jerome,1,95
ID,Kootenai,2,1726
ID,Latah,1,222
ID,Lemhi,1,114
ID,Madison,1,545
ID,Minidoka,1,108
ID,Nez Perce,1,892
ID,Shoshone,1,50
ID,Teton,1,50
ID,Twin Falls,1,1490
ID,Valley,2,184
ID,Washington,1,76
IL,Adams,1,529
IL,Bond,1,125
IL,Bureau,2,578
IL,Champaign,2,4526
IL,Christian,2,242
IL,Clay,1,98
IL,Clinton,1,357
IL,Coles,1,790
IL,Cook,49,50586
IL,Crawford,1,101
IL,Dekalb,2,1246
IL,Dewitt,1,72
IL,Dupage,6,9632
IL,Edgar,1,147
IL,Effingham,1,1365
IL,Fayette,1,73
IL,Ford,1,271
IL,Franklin,1,50
IL,Fulton,1,415
IL,Greene,1,50
IL,Grundy,1,339
IL,Hamilton,1,117
IL,Hancock,1,84
IL,Hardin,1,92
IL,Henry,2,567
IL,Iroquois,1,86
IL,Jackson,2,573
IL,Jefferson,2,638
IL,Jersey,1,225
IL,Jo Daviess,1,102
IL,Kane,5,4231
IL,Kankakee,2,711
IL,Knox,2,672
IL,La Salle,3,941
IL,Lake,6,6449
IL,Lawrence,1,106
IL,Lee,1,377
IL,Livingston,1,331
IL,Logan,1,146
IL,Macon,2,2029
IL,Macoupin,2,165
IL,Madison,5,2740
IL,Marion,2,527
IL,Mason,1,50
IL,Massac,1,215
IL,Mcdonough,1,224
IL,Mchenry,3,3030
IL,Mclean,2,2526
IL,Mercer,1,50
IL,Montgomery,2,345
IL,Morgan,1,435
IL,Ogle,1,113
IL,Peoria,3,5424
IL,Perry,2,187
IL,Piatt,1,64
IL,Pike,1,61
IL,Randolph,3,412
IL,Richland,1,301
IL,Rock Island,2,1547
IL,Saint Clair,4,4072
IL,Saline,2,289
IL,Sangamon,2,3908
IL,Schuyler,1,50
IL,Shelby,1,50
IL,Stephenson,1,641
IL,Tazewell,2,533
IL,Union,1,116
IL,Vermilion,2,290
IL,Wabash,1,248
IL,Warren,1,52
IL,Washington,1,53
IL,Wayne,1,92
IL,Whiteside,2,556
IL,Will,3,5206
IL,Williamson,2,1184
IL,Winnebago,3,5829
IL,Woodford,1,73
IN,Adams,1,338
IN,Allen,6,7032
IN,Bartholomew,1,701
IN,Blackford,1,57
IN,Boone,1,359
IN,Cass,1,402
IN,Clark,2,1383
IN,Clay,1,63
IN,Clinton,1,67
IN,Daviess,1,314
IN,De Kalb,1,373
IN,Dearborn,1,359
IN,Decatur,1,214
IN,Delaware,1,537
IN,Dubois,1,370
IN,Elkhart,2,1448
IN,Fayette,1,163
IN,Floyd,2,1232
IN,Fulton,1,196
IN,Gibson,1,70
IN,Grant,1,450
IN,Greene,1,116
IN,Hamilton,6,4322
IN,Hancock,1,567
IN,Harrison,1,254
IN,Hendricks,2,942
IN,Henry,1,473
IN,Howard,2,1553
IN,Huntington,1,339
IN,Jackson,1,283
IN,Jasper,1,104
IN,Jay,1,269
IN,Jefferson,1,493
IN,Jennings,1,59
IN,Johnson,1,337
IN,Knox,1,504
IN,Kosciusko,1,525
IN,La Porte,2,1625
IN,Lagrange,1,195
IN,Lake,9,7553
IN,Lawrence,2,317
IN,Madison,3,1721
IN,Marion,9,13044
IN,Marshall,2,445
IN,Miami,1,154
IN,Monroe,2,834
IN,Montgomery,1,200
IN,Morgan,1,941
IN,Noble,1,366
IN,Orange,1,50
IN,Perry,1,183
IN,Porter,1,873
IN,Pulaski,1,113
IN,Putnam,1,152
IN,Randolph,1,104
IN,Ripley,1,399
IN,Rush,1,110
IN,Scott,1,173
IN,Shelby,1,471
IN,St Joseph,3,2648
IN,Starke,1,110
IN,Steuben,1,278
IN,Sullivan,1,144
IN,Tippecanoe,2,1694
IN,Tipton,1,167
IN,Vanderburgh,2,7879
IN,Vermillion,1,131
IN,Vigo,2,1385
IN,Wabash,1,247
IN,Warren,1,61
IN,Warrick,3,1110
IN,Wayne,1,1308
IN,Wells,1,343
IN,White,1,93
IN,Whitley,1,360
KS,Allen,1,79
KS,Anderson,1,50
KS,Atchison,1,195
KS,Barton,3,545
KS,Bourbon,1,194
KS,Brown,2,102
KS,Butler,2,830
KS,Cherokee,2,407
KS,Cheyenne,1,53
KS,Clark,2,52
KS,Clay,1,171
KS,Cloud,1,50
KS,Cowley,2,376
KS,Crawford,2,642
KS,Dickinson,2,131
KS,Douglas,1,1085
KS,Ellis,1,691
KS,Ellsworth,1,79
KS,Finney,1,347
KS,Ford,1,366
KS,Franklin,1,237
KS,Geary,1,183
KS,Gove,1,61
KS,Graham,1,50
KS,Grant,1,50
KS,Greenwood,1,82
KS,Harper,2,50
KS,Harvey,1,337
KS,Hodgeman,1,50
KS,Jackson,1,51
KS,Johnson,10,7156
KS,Kearny,1,94
KS,Kingman,1,90
KS,Labette,2,453
KS,Leavenworth,2,353
KS,Lyon,1,373
KS,Marion,2,50
KS,Marshall,1,85
KS,Mcpherson,3,289
KS,Meade,1,62
KS,Miami,1,147
KS,Mitchell,1,267
KS,Montgomery,1,293
KS,Morton,1,52
KS,Nemaha,2,111
KS,Neosho,1,337
KS,Norton,1,51
KS,Osborne,1,58
KS,Ottawa,1,50
KS,Phillips,1,50
KS,Pottawatomie,2,140
KS,Pratt,1,274
KS,Reno,2,787
KS,Republic,1,119
KS,Rice,1,50
KS,Riley,2,1245
KS,Rooks,1,83
KS,Russell,1,50
KS,Saline,2,1653
KS,Scott,1,50
KS,Sedgwick,6,8932
KS,Seward,1,400
KS,Shawnee,2,3930
KS,Sheridan,1,50
KS,Smith,1,133
KS,Sumner,2,100
KS,Thomas,1,118
KS,Trego,1,50
KS,Wilson,2,118
KS,Wyandotte,2,3819
KY,Allen,1,80
KY,Barren,1,411
KY,Bell,2,164
KY,Boone,1,1264
KY,Bourbon,1,116
KY,Boyd,2,1138
KY,Boyle,1,545
KY,Breathitt,1,295
KY,Breckinridge,1,115
KY,Caldwell,1,56
KY,Calloway,1,527
KY,Campbell,1,1231
KY,Carroll,1,63
KY,Casey,1,190
KY,Christian,1,766
KY,Clark,1,394
KY,Clay,1,150
KY,Clinton,1,138
KY,Crittenden,1,108
KY,Cumberland,1,148
KY,Daviess,1,1608
KY,Estill,1,128
KY,Fayette,4,5518
KY,Fleming,1,194
KY,Floyd,3,512
KY,Franklin,1,964
KY,Grant,1,61
KY,Graves,1,419
KY,Grayson,1,293
KY,Green,1,94
KY,Hardin,1,638
KY,Harlan,1,359
KY,Harrison,1,254
KY,Hart,1,50
KY,Henderson,1,328
KY,Hopkins,1,665
KY,Jefferson,4,12067
KY,Johnson,1,278
KY,Kenton,1,3749
KY,Knox,2,631
KY,Laurel,1,1079
KY,Lawrence,1,339
KY,Letcher,1,353
KY,Lincoln,1,83
KY,Livingston,1,131
KY,Logan,1,220
KY,Madison,2,623
KY,Marion,1,193
KY,Marshall,1,120
KY,Mason,1,400
KY,Mccracken,2,2025
KY,Mercer,1,87
KY,Monroe,1,241
KY,Montgomery,1,187
KY,Muhlenberg,1,161
KY,Nelson,1,380
KY,Ohio,1,187
KY,Oldham,1,347
KY,Perry,1,724
KY,Pike,2,2136
KY,Pulaski,1,573
KY,Rockcastle,1,113
KY,Rowan,1,427
KY,Russell,1,105
KY,Scott,1,423
KY,Shelby,1,205
KY,Simpson,1,161
KY,Taylor,1,424
KY,Trigg,1,50
KY,Union,1,95
KY,Warren,2,1417
KY,Wayne,1,102
KY,Woodford,1,76
LA,Acadia,2,398
LA,Allen,2,114
LA,Ascension,2,385
LA,Avoyelles,2,117
LA,Beauregard,1,336
LA,Bossier,1,632
LA,Caddo,6,5102
LA,Calcasieu,5,2018
LA,Caldwell,2,322
LA,Claiborne,1,100
LA,De Soto,1,83
LA,East Baton Rouge,7,5796
LA,East Carroll,1,154
LA,Evangeline,2,643
LA,Franklin,1,66
LA,Iberia,1,328
LA,Jackson,1,80
LA,Jefferson,5,6150
LA,Jefferson Davis,1,383
LA,La Salle,2,133
LA,Lafayette,8,3994
LA,Lafourche,3,601
LA,Lincoln,1,613
LA,Morehouse,1,209
LA,Natchitoches,1,297
LA,Orleans,6,4186
LA,Ouachita,5,2115
LA,Rapides,3,2252
LA,Richland,2,177
LA,Sabine,1,79
LA,Saint Bernard,1,169
LA,Saint Charles,1,136
LA,Saint James,1,75
LA,Saint Landry,1,487
LA,Saint Martin,1,74
LA,Saint Mary,2,410
LA,Saint Tammany,7,3857
LA,Tangipahoa,4,748
LA,Terrebonne,3,1087
LA,Union,2,50
LA,Vermilion,2,220
LA,Vernon,2,539
LA,Washington,2,199
LA,Webster,2,570
LA,West Carroll,1,169
LA,Winn,1,106
MA,Barnstable,2,4066
MA,Berkshire,2,695
MA,Bristol,4,4116
MA,Dukes,1,175
MA,Essex,5,6219
MA,Franklin,1,316
MA,Hampden,6,6249
MA,Hampshire,1,563
MA,Middlesex,11,12878
MA,Nantucket,1,91
MA,Norfolk,4,2641
MA,Plymouth,3,2706
MA,Suffolk,13,17086
MA,Worcester,9,4688
MD,Allegany,1,2081
MD,Anne Arundel,2,1763
MD,Baltimore,5,2469
MD,Baltimore City,14,10745
MD,Calvert,1,476
MD,Carroll,1,502
MD,Cecil,1,502
MD,Charles,1,576
MD,Frederick,1,1853
MD,Garrett,1,449
MD,Harford,2,1021
MD,Howard,1,2402
MD,Kent,1,241
MD,Montgomery,6,7445
MD,Prince Georges,5,2833
MD,Saint Marys,1,500
MD,Somerset,1,50
MD,Talbot,1,916
MD,Washington,1,733
MD,Wicomico,1,769
MD,Worcester,1,617
ME,Androscoggin,2,1189
ME,Aroostook,4,1161
ME,Cumberland,4,1536
ME,Franklin,1,362
ME,Hancock,3,797
ME,Kennebec,2,941
ME,Knox,1,495
ME,Lincoln,1,405
ME,Oxford,2,367
ME,Penobscot,4,2921
ME,Piscataquis,2,283
ME,Somerset,2,416
ME,Waldo,1,246
ME,Washington,2,275
ME,York,2,1674
MI,Alger,1,50
MI,Allegan,1,235
MI,Alpena,1,670
MI,Arenac,1,178
MI,Baraga,1,86
MI,Barry,1,573
MI,Bay,1,889
MI,Berrien,2,2142
MI,Branch,1,410
MI,Calhoun,2,747
MI,Cass,1,76
MI,Charlevoix,1,283
MI,Chippewa,1,375
MI,Clare,1,280
MI,Clinton,1,211
MI,Crawford,1,673
MI,Delta,1,397
MI,Dickinson,1,323
MI,Eaton,2,350
MI,Emmet,1,852
MI,Genesee,3,5638
MI,Gladwin,1,140
MI,Gogebic,1,190
MI,Grand Traverse,1,409
MI,Gratiot,1,566
MI,Hillsdale,1,303
MI,Houghton,2,566
MI,Huron,3,516
MI,Ingham,2,3819
MI,Ionia,1,206
MI,Iosco,1,328
MI,Iron,1,179
MI,Isabella,1,613
MI,Jackson,1,1927
MI,Kalamazoo,2,2516
MI,Kent,3,5107
MI,Lapeer,1,735
MI,Lenawee,2,410
MI,Livingston,2,593
MI,Luce,1,93
MI,Mackinac,1,139
MI,Macomb,4,4198
MI,Manistee,1,424
MI,Marquette,2,946
MI,Mason,1,518
MI,Mecosta,1,354
MI,Midland,1,873
MI,Monroe,1,344
MI,Montcalm,4,763
MI,Muskegon,1,3914
MI,Newaygo,1,424
MI,Oakland,12,11889
MI,Oceana,1,90
MI,Ogemaw,1,338
MI,Ontonagon,1,50
MI,Osceola,1,142
MI,Otsego,1,409
MI,Ottawa,3,1235
MI,Saginaw,3,2121
MI,Saint Clair,3,1980
MI,Saint Joseph,2,481
MI,Sanilac,3,169
MI,Schoolcraft,1,180
MI,Shiawassee,1,525
MI,Tuscola,2,193
MI,Van Buren,2,281
MI,Washtenaw,4,4247
MI,Wayne,15,11500
MI,Wexford,1,331
MN,Aitkin,1,318
MN,Anoka,1,621
MN,Becker,1,405
MN,Beltrami,2,465
MN,Big Stone,2,81
MN,Blue Earth,1,391
MN,Brown,3,480
MN,Carlton,2,361
MN,Carver,1,410
MN,Chippewa,1,154
MN,Chisago,1,637
MN,Cottonwood,2,88
MN,Crow Wing,2,1136
MN,Dakota,3,1439
MN,Douglas,1,511
MN,Faribault,1,89
MN,Freeborn,1,417
MN,Goodhue,2,431
MN,Hennepin,10,5599
MN,Hubbard,1,283
MN,Isanti,1,463
MN,Itasca,3,487
MN,Kanabec,1,247
MN,Kandiyohi,1,490
MN,Koochiching,1,94
MN,Lac Qui Parle,2,116
MN,Lake,1,93
MN,Lincoln,2,50
MN,Lyon,2,280
MN,Martin,1,297
MN,Mcleod,2,590
MN,Meeker,1,187
MN,Mille Lacs,1,120
MN,Morrison,1,294
MN,Murray,1,113
MN,Nicollet,1,418
MN,Nobles,1,204
MN,Olmsted,2,1033
MN,Otter Tail,2,682
MN,Pennington,1,244
MN,Pine,1,50
MN,Pipestone,1,75
MN,Polk,2,369
MN,Pope,1,178
MN,Ramsey,5,2915
MN,Redwood,1,127
MN,Renville,1,113
MN,Rice,1,280
MN,Rock,1,86
MN,Roseau,1,170
MN,Saint Louis,8,3388
MN,Scott,2,594
MN,Sherburne,1,406
MN,Stearns,4,2681
MN,Steele,1,585
MN,Stevens,1,284
MN,Swift,2,95
MN,Todd,2,341
MN,Wabasha,2,172
MN,Wadena,1,167
MN,Waseca,1,74
MN,Washington,2,1792
MN,Watonwan,2,102
MN,Wilkin,1,110
MN,Winona,1,325
MN,Wright,2,892
MN,Yellow Medicine,2,150
MO,Adair,1,560
MO,Atchison,1,80
MO,Audrain,1,297
MO,Barry,2,211
MO,Barton,1,155
MO,Bates,1,144
MO,Boone,2,2483
MO,Buchanan,1,442
MO,Butler,2,667
MO,Camden,1,626
MO,Cape Girardeau,2,3465
MO,Carroll,1,50
MO,Cass,2,650
MO,Cedar,1,67
MO,Clay,3,3901
MO,Clinton,1,231
MO,Cole,2,722
MO,Crawford,1,304
MO,Dent,1,99
MO,Dunklin,1,221
MO,Franklin,1,1299
MO,Greene,2,7106
MO,Grundy,1,88
MO,Harrison,1,52
MO,Henry,1,342
MO,Howell,2,600
MO,Jackson,10,9103
MO,Jasper,3,3455
MO,Jefferson,2,2050
MO,Johnson,1,271
MO,Laclede,1,575
MO,Lafayette,1,141
MO,Lawrence,1,161
MO,Lincoln,1,127
MO,Livingston,1,254
MO,Marion,1,647
MO,New Madrid,1,436
MO,Nodaway,1,214
MO,Pemiscot,1,94
MO,Perry,1,298
MO,Pettis,1,842
MO,Phelps,1,336
MO,Pike,1,114
MO,Platte,1,537
MO,Polk,1,614
MO,Randolph,1,222
MO,Ray,1,119
MO,Ripley,1,50
MO,Saint Charles,4,1937
MO,Saint Francois,2,442
MO,Saint Louis,10,14680
MO,Saint Louis City,5,2042
MO,Sainte Genevieve,1,169
MO,Saline,2,332
MO,Scotland,1,83
MO,Stoddard,1,123
MO,Taney,1,751
MO,Texas,1,210
MO,Vernon,1,136
MO,Washington,1,82
MS,Adams,1,660
MS,Alcorn,1,510
MS,Attala,1,53
MS,Bolivar,1,498
MS,Chickasaw,1,50
MS,Choctaw,1,69
MS,Claiborne,1,50
MS,Clarke,1,50
MS,Clay,1,112
MS,Coahoma,1,503
MS,Covington,1,50
MS,Desoto,2,1015
MS,Forrest,2,2904
MS,George,1,194
MS,Greene,1,50
MS,Grenada,1,187
MS,Hancock,1,151
MS,Harrison,3,1606
MS,Hinds,5,4315
MS,Holmes,1,50
MS,Jackson,1,1319
MS,Jefferson Davis,1,50
MS,Jones,1,500
MS,Kemper,1,50
MS,Lafayette,1,819
MS,Lauderdale,4,1371
MS,Lawrence,1,65
MS,Leake,1,112
MS,Lee,1,1900
MS,Leflore,1,403
MS,Lincoln,1,496
MS,Lowndes,1,829
MS,Madison,1,227
MS,Marion,1,139
MS,Marshall,1,50
MS,Monroe,2,385
MS,Montgomery,1,50
MS,Neshoba,3,231
MS,Oktibbeha,1,340
MS,Panola,1,247
MS,Pearl River,2,151
MS,Pike,2,855
MS,Prentiss,1,103
MS,Rankin,4,1211
MS,Scott,2,139
MS,Sharkey,1,53
MS,Simpson,2,165
MS,Stone,1,50
MS,Sunflower,2,134
MS,Tallahatchie,1,124
MS,Tate,1,123
MS,Tippah,1,118
MS,Tishomingo,1,94
MS,Union,1,348
MS,Walthall,1,50
MS,Warren,1,526
MS,Washington,1,1345
MS,Wayne,1,317
MS,Webster,1,109
MS,Wilkinson,1,50
MS,Winston,1,58
MS,Yalobusha,1,137
MS,Yazoo,1,119
MT,Beaverhead,1,115
MT,Carbon,1,50
MT,Cascade,2,791
MT,Custer,1,84
MT,Dawson,1,97
MT,Deer Lodge,1,333
MT,Fergus,1,144
MT,Flathead,3,1125
MT,Gallatin,2,631
MT,Glacier,2,107
MT,Hill,1,203
MT,Lake,2,264
MT,Lewis And Clark,1,1106
MT,Lincoln,1,153
MT,Madison,2,101
MT,Mineral,1,50
MT,Missoula,2,3042
MT,Park,1,210
MT,Phillips,1,50
MT,Ravalli,1,279
MT,Richland,1,172
MT,Roosevelt,3,50
MT,Sanders,1,92
MT,Sheridan,1,50
MT,Silver Bow,1,485
MT,Stillwater,1,50
MT,Teton,1,50
MT,Toole,1,50
MT,Valley,1,103
MT,Yellowstone,2,3431
NC,Alamance,1,631
NC,Alleghany,1,60
NC,Ashe,1,135
NC,Avery,1,84
NC,Beaufort,1,318
NC,Bertie,1,50
NC,Bladen,1,65
NC,Brunswick,2,1082
NC,Buncombe,1,348
NC,Burke,1,685
NC,Cabarrus,1,596
NC,Caldwell,1,435
NC,Carteret,1,426
NC,Catawba,2,1559
NC,Chatham,1,175
NC,Cherokee,1,324
NC,Chowan,1,235
NC,Cleveland,2,874
NC,Columbus,1,354
NC,Craven,1,1445
NC,Cumberland,1,2261
NC,Dare,1,177
NC,Davidson,2,800
NC,Davie,1,112
NC,Duplin,1,383
NC,Durham,3,3309
NC,Edgecombe,1,549
NC,Forsyth,3,1741
NC,Gaston,1,2076
NC,Granville,1,339
NC,Guilford,2,2710
NC,Halifax,2,318
NC,Harnett,1,416
NC,Haywood,1,507
NC,Henderson,2,1902
NC,Hertford,1,493
NC,Hoke,1,198
NC,Iredell,3,2020
NC,Jackson,1,371
NC,Johnston,1,1288
NC,Lee,1,494
NC,Lenoir,1,554
NC,Lincoln,1,426
NC,Macon,2,449
NC,Martin,1,235
NC,Mcdowell,1,488
NC,Mecklenburg,6,4368
NC,Mitchell,1,328
NC,Moore,1,2162
NC,Nash,1,1400
NC,New Hanover,2,4150
NC,Onslow,1,580
NC,Orange,1,2679
NC,Pasquotank,1,635
NC,Pender,1,75
NC,Person,1,247
NC,Pitt,1,3768
NC,Polk,1,330
NC,Randolph,1,1012
NC,Richmond,1,97
NC,Robeson,1,1341
NC,Rockingham,1,353
NC,Rowan,1,599
NC,Rutherford,1,385
NC,Sampson,1,329
NC,Scotland,1,368
NC,Stanly,1,323
NC,Surry,2,1144
NC,Swain,2,168
NC,Transylvania,1,357
NC,Union,1,549
NC,Vance,1,589
NC,Wake,4,6912
NC,Watauga,1,636
NC,Wayne,1,2008
NC,Wilkes,1,364
NC,Wilson,1,691
ND,Adams,1,163
ND,Barnes,1,50
ND,Burleigh,2,1777
ND,Cass,2,2642
ND,Cavalier,1,50
ND,Foster,1,83
ND,Grand Forks,2,2428
ND,Grant,1,50
ND,Mcintosh,2,58
ND,Pembina,1,57
ND,Pierce,1,59
ND,Rolette,2,50
ND,Stark,1,347
ND,Stutsman,1,181
ND,Towner,1,50
ND,Traill,2,50
ND,Walsh,2,113
ND,Ward,2,822
ND,Wells,1,79
ND,Williams,2,363
NE,Adams,1,651
NE,Antelope,1,50
NE,Boone,1,163
NE,Box Butte,1,145
NE,Buffalo,2,1823
NE,Butler,1,124
NE,Chase,1,50
NE,Cherry,1,121
NE,Cheyenne,1,117
NE,Cuming,1,142
NE,Custer,2,156
NE,Dawes,1,101
NE,Dawson,3,263
NE,Dodge,1,312
NE,Douglas,10,11950
NE,Fillmore,1,143
NE,Furnas,1,89
NE,Gage,1,243
NE,Hall,1,688
NE,Hamilton,1,67
NE,Harlan,1,50
NE,Holt,2,257
NE,Howard,1,68
NE,Jefferson,1,50
NE,Johnson,1,50
NE,Kearney,1,50
NE,Keith,1,74
NE,Kimball,1,50
NE,Knox,1,50
NE,Lancaster,4,3008
NE,Lincoln,1,616
NE,Madison,1,418
NE,Merrick,1,80
NE,Morrill,1,50
NE,Nemaha,1,50
NE,Nuckolls,1,157
NE,Otoe,2,160
NE,Pawnee,1,50
NE,Perkins,1,74
NE,Phelps,1,365
NE,Pierce,2,81
NE,Platte,1,518
NE,Polk,1,50
NE,Red Willow,1,233
NE,Richardson,1,144
NE,Rock,1,50
NE,Saline,2,58
NE,Sarpy,2,1139
NE,Scotts Bluff,1,598
NE,Seward,1,135
NE,Sheridan,1,80
NE,Thayer,1,80
NE,Thurston,1,110
NE,Valley,1,76
NE,Washington,1,50
NE,Wayne,1,96
NE,York,2,288
NH,Belknap,1,696
NH,Carroll,2,436
NH,Cheshire,1,359
NH,Coos,3,377
NH,Grafton,5,3032
NH,Hillsborough,5,3419
NH,Merrimack,3,848
NH,Rockingham,3,3004
NH,Strafford,2,973
NJ,Atlantic,2,1257
NJ,Bergen,6,2979
NJ,Burlington,4,1331
NJ,Camden,4,3299
NJ,Cape May,1,944
NJ,Cumberland,1,1366
NJ,Essex,7,6138
NJ,Gloucester,1,964
NJ,Hudson,6,3164
NJ,Hunterdon,1,467
NJ,Mercer,4,2871
NJ,Middlesex,6,4730
NJ,Monmouth,5,7568
NJ,Morris,3,5969
NJ,Ocean,4,6464
NJ,Passaic,2,3008
NJ,Salem,2,943
NJ,Somerset,1,1116
NJ,Sussex,1,1038
NJ,Union,3,4187
NJ,Warren,2,1114
NM,Bernalillo,5,5100
NM,Chaves,2,1104
NM,Cibola,2,97
NM,Colfax,1,80
NM,Curry,1,370
NM,Dona Ana,2,1183
NM,Eddy,2,509
NM,Grant,1,227
NM,Guadalupe,1,53
NM,Lea,2,411
NM,Lincoln,1,150
NM,Los Alamos,1,150
NM,Luna,1,227
NM,Mckinley,4,449
NM,Otero,2,551
NM,Rio Arriba,1,291
NM,Roosevelt,1,86
NM,San Juan,2,1224
NM,San Miguel,1,188
NM,Sandoval,1,320
NM,Santa Fe,2,516
NM,Socorro,1,50
NM,Taos,1,256
NV,Carson City,2,1362
NV,Churchill,1,332
NV,Clark,18,21008
NV,Douglas,1,201
NV,Elko,1,288
NV,Humboldt,1,164
NV,Mineral,1,58
NV,Washoe,4,1230
NV,White Pine,1,50
NY,Albany,3,6709
NY,Allegany,2,313
NY,Bronx,6,3851
NY,Broome,2,1985
NY,Cattaraugus,1,575
NY,Cayuga,1,398
NY,Chautauqua,4,1208
NY,Chemung,2,724
NY,Chenango,1,288
NY,Clinton,1,487
NY,Columbia,1,546
NY,Cortland,1,453
NY,Delaware,4,150
NY,Dutchess,2,5141
NY,Erie,6,5344
NY,Essex,2,56
NY,Franklin,2,808
NY,Fulton,1,382
NY,Genesee,1,591
NY,Herkimer,1,119
NY,Jefferson,3,798
NY,Kings,12,8002
NY,Lewis,1,282
NY,Livingston,1,412
NY,Madison,2,814
NY,Monroe,5,7856
NY,Montgomery,1,926
NY,Nassau,9,9119
NY,New York,12,11778
NY,Niagara,3,1781
NY,Oneida,3,1584
NY,Onondaga,3,4531
NY,Ontario,3,2104
NY,Orange,4,2325
NY,Orleans,1,72
NY,Oswego,1,311
NY,Otsego,2,1466
NY,Putnam,1,1316
NY,Queens,7,7579
NY,Rensselaer,3,1425
NY,Richmond,2,1070
NY,Rockland,3,976
NY,Saint Lawrence,5,1457
NY,Saratoga,1,614
NY,Schenectady,2,565
NY,Schoharie,1,115
NY,Schuyler,1,83
NY,Steuben,3,816
NY,Suffolk,11,10113
NY,Sullivan,2,290
NY,Tompkins,1,482
NY,Ulster,3,928
NY,Warren,1,2251
NY,Wayne,1,811
NY,Westchester,11,7442
NY,Wyoming,1,258
NY,Yates,1,120
OH,Adams,1,92
OH,Allen,4,1463
OH,Ashland,1,586
OH,Ashtabula,4,1101
OH,Athens,1,395
OH,Auglaize,1,375
OH,Belmont,3,596
OH,Butler,4,2604
OH,Champaign,1,148
OH,Clark,2,683
OH,Clermont,1,374
OH,Clinton,1,465
OH,Columbiana,2,1385
OH,Coshocton,1,363
OH,Crawford,2,556
OH,Cuyahoga,17,29165
OH,Darke,1,320
OH,Defiance,3,671
OH,Delaware,1,401
OH,Erie,1,328
OH,Fairfield,2,747
OH,Fayette,1,163
OH,Franklin,10,20399
OH,Fulton,1,346
OH,Gallia,1,521
OH,Geauga,1,1624
OH,Greene,2,1619
OH,Guernsey,1,566
OH,Hamilton,10,8175
OH,Hancock,1,820
OH,Hardin,1,114
OH,Harrison,1,50
OH,Henry,1,165
OH,Highland,2,197
OH,Hocking,1,132
OH,Holmes,1,500
OH,Huron,2,907
OH,Jackson,1,143
OH,Jefferson,1,663
OH,Knox,1,483
OH,Lake,1,1928
OH,Licking,1,720
OH,Logan,1,285
OH,Lorain,4,2324
OH,Lucas,8,8634
OH,Madison,1,203
OH,Mahoning,4,2066
OH,Marion,1,1086
OH,Medina,2,1204
OH,Mercer,1,297
OH,Miami,1,511
OH,Montgomery,7,5805
OH,Morrow,1,113
OH,Muskingum,1,2905
OH,Ottawa,1,127
OH,Paulding,1,66
OH,Pickaway,1,303
OH,Pike,1,53
OH,Portage,1,1056
OH,Richland,3,1709
OH,Ross,1,326
OH,Sandusky,2,513
OH,Scioto,2,1672
OH,Seneca,2,553
OH,Shelby,1,489
OH,Stark,4,2768
OH,Summit,6,8876
OH,Trumbull,2,1617
OH,Tuscarawas,2,863
OH,Union,1,297
OH,Van Wert,1,190
OH,Warren,1,487
OH,Washington,2,1265
OH,Wayne,2,962
OH,Williams,1,425
OH,Wood,1,382
OH,Wyandot,1,156
OK,Adair,1,154
OK,Atoka,1,50
OK,Beckham,1,312
OK,Bryan,1,496
OK,Canadian,2,499
OK,Carter,2,1011
OK,Cherokee,2,714
OK,Choctaw,1,96
OK,Cleveland,3,2815
OK,Comanche,3,1466
OK,Creek,3,514
OK,Custer,2,194
OK,Delaware,1,319
OK,Garfield,2,858
OK,Garvin,2,99
OK,Grady,1,175
OK,Harper,1,50
OK,Hughes,1,64
OK,Jackson,1,402
OK,Kay,2,470
OK,Kingfisher,1,50
OK,Kiowa,1,94
OK,Latimer,2,201
OK,Logan,1,89
OK,Love,1,50
OK,Major,1,50
OK,Marshall,1,50
OK,Mayes,1,131
OK,Mcclain,1,87
OK,Mccurtain,1,94
OK,Murray,1,120
OK,Muskogee,1,425
OK,Noble,1,53
OK,Oklahoma,18,14585
OK,Okmulgee,2,161
OK,Osage,3,624
OK,Ottawa,1,188
OK,Payne,2,844
OK,Pittsburg,1,670
OK,Pontotoc,2,1014
OK,Pottawatomie,1,484
OK,Pushmataha,1,50
OK,Rogers,2,617
OK,Seminole,1,113
OK,Sequoyah,1,88
OK,Stephens,1,372
OK,Texas,1,101
OK,Tulsa,12,14666
OK,Wagoner,1,190
OK,Washington,1,1067
OK,Washita,1,50
OK,Woods,1,51
OK,Woodward,1,266
OR,Baker,1,168
OR,Benton,1,622
OR,Clackamas,3,4953
OR,Clatsop,2,593
OR,Coos,3,812
OR,Crook,1,108
OR,Curry,1,82
OR,Deschutes,2,975
OR,Douglas,2,891
OR,Grant,1,50
OR,Harney,1,82
OR,Hood River,1,351
OR,Jackson,3,3449
OR,Jefferson,1,69
OR,Josephine,1,1261
OR,Klamath,1,615
OR,Lake,1,77
OR,Lane,5,3452
OR,Lincoln,2,388
OR,Linn,2,711
OR,Malheur,1,353
OR,Marion,3,4127
OR,Multnomah,7,9061
OR,Tillamook,1,261
OR,Umatilla,2,525
OR,Union,1,288
OR,Wallowa,1,147
OR,Wasco,1,414
OR,Washington,4,4913
OR,Yamhill,2,1111
PA,Adams,1,496
PA,Allegheny,18,16671
PA,Armstrong,1,592
PA,Beaver,1,367
PA,Bedford,1,419
PA,Berks,3,1160
PA,Blair,3,2432
PA,Bradford,3,615
PA,Bucks,7,6154
PA,Butler,1,1026
PA,Cambria,2,1555
PA,Carbon,2,433
PA,Centre,1,633
PA,Chester,5,3616
PA,Clarion,1,251
PA,Clearfield,2,597
PA,Clinton,2,187
PA,Columbia,2,701
PA,Crawford,2,647
PA,Cumberland,2,2044
PA,Dauphin,2,1871
PA,Delaware,5,5879
PA,Elk,1,503
PA,Erie,4,2949
PA,Fayette,2,1008
PA,Franklin,2,864
PA,Fulton,1,133
PA,Greene,1,200
PA,Huntingdon,1,310
PA,Indiana,1,1415
PA,Jefferson,2,562
PA,Lackawanna,3,2866
PA,Lancaster,4,2413
PA,Lawrence,2,586
PA,Lebanon,1,1424
PA,Lehigh,5,3967
PA,Luzerne,3,3818
PA,Lycoming,3,2682
PA,Mckean,2,473
PA,Mercer,4,2245
PA,Mifflin,1,519
PA,Monroe,2,521
PA,Montgomery,10,6025
PA,Montour,1,3869
PA,Northampton,3,1518
PA,Northumberland,1,135
PA,Philadelphia,17,13984
PA,Potter,1,438
PA,Schuylkill,3,1053
PA,Somerset,3,1192
PA,Susquehanna,2,396
PA,Union,1,611
PA,Venango,1,637
PA,Warren,1,497
PA,Washington,4,2153
PA,Wayne,1,529
PA,Westmoreland,3,1276
PA,Wyoming,1,96
PA,York,5,2644
RI,Kent,1,1344
RI,Newport,1,548
RI,Providence,7,5922
RI,Washington,2,2168
SC,Abbeville,1,85
SC,Aiken,1,960
SC,Allendale,1,50
SC,Anderson,1,1439
SC,Beaufort,2,2142
SC,Charleston,6,9130
SC,Cherokee,1,337
SC,Chester,1,173
SC,Chesterfield,1,361
SC,Colleton,1,405
SC,Darlington,2,549
SC,Dillon,1,359
SC,Edgefield,1,52
SC,Florence,3,3344
SC,Georgetown,2,886
SC,Greenville,7,7045
SC,Greenwood,1,1783
SC,Hampton,1,107
SC,Horry,3,3417
SC,Jasper,1,392
SC,Kershaw,1,792
SC,Lancaster,1,473
SC,Laurens,1,195
SC,Lexington,2,4954
SC,Marion,1,428
SC,Newberry,1,354
SC,Oconee,1,309
SC,Orangeburg,1,794
SC,Pickens,2,457
SC,Richland,3,3384
SC,Spartanburg,2,2813
SC,Sumter,1,331
SC,Union,1,172
SC,York,1,826
SD,Bon Homme,2,50
SD,Brookings,1,216
SD,Brown,2,805
SD,Brule,1,50
SD,Charles Mix,2,100
SD,Clay,1,53
SD,Codington,1,526
SD,Custer,1,50
SD,Davison,1,442
SD,Douglas,1,50
SD,Fall River,1,60
SD,Grant,1,62
SD,Gregory,2,86
SD,Hand,1,50
SD,Hughes,1,218
SD,Hutchinson,2,94
SD,Jerauld,1,50
SD,Lake,1,59
SD,Lawrence,2,414
SD,Marshall,1,50
SD,Meade,1,82
SD,Minnehaha,6,7768
SD,Pennington,4,3827
SD,Roberts,1,77
SD,Spink,1,78
SD,Todd,1,50
SD,Tripp,1,62
SD,Union,1,796
SD,Walworth,1,98
SD,Yankton,1,565
TN,Anderson,1,1268
TN,Bedford,1,297
TN,Benton,1,50
TN,Blount,1,1767
TN,Bradley,1,613
TN,Campbell,2,684
TN,Cannon,1,50
TN,Carroll,2,296
TN,Carter,1,472
TN,Cheatham,1,50
TN,Claiborne,1,229
TN,Clay,1,50
TN,Cocke,1,380
TN,Coffee,2,712
TN,Cumberland,1,1017
TN,Davidson,9,18403
TN,Decatur,1,50
TN,Dekalb,1,108
TN,Dickson,1,832
TN,Dyer,1,619
TN,Fentress,1,272
TN,Franklin,1,451
TN,Gibson,1,63
TN,Giles,1,262
TN,Greene,2,649
TN,Hamblen,2,1408
TN,Hamilton,3,8095
TN,Hancock,1,50
TN,Hardeman,1,50
TN,Hardin,1,290
TN,Hawkins,1,224
TN,Henderson,1,96
TN,Henry,1,592
TN,Hickman,1,84
TN,Humphreys,1,50
TN,Jefferson,1,318
TN,Knox,5,6774
TN,Lawrence,1,415
TN,Lincoln,1,230
TN,Loudon,1,395
TN,Macon,1,105
TN,Madison,2,2716
TN,Marshall,1,50
TN,Maury,1,481
TN,Mcminn,1,425
TN,Monroe,1,283
TN,Montgomery,1,1214
TN,Obion,1,306
TN,Overton,1,390
TN,Perry,1,50
TN,Putnam,1,1848
TN,Rhea,1,219
TN,Roane,1,387
TN,Robertson,1,531
TN,Rutherford,3,2528
TN,Sevier,1,666
TN,Shelby,7,8163
TN,Smith,1,214
TN,Sullivan,3,3436
TN,Sumner,2,1688
TN,Tipton,1,95
TN,Trousdale,1,50
TN,Unicoi,1,77
TN,Warren,1,492
TN,Washington,2,1588
TN,Wayne,1,68
TN,Weakley,1,242
TN,White,1,112
TN,Williamson,1,788
TN,Wilson,1,631
TX,Anderson,1,398
TX,Andrews,1,139
TX,Angelina,2,1355
TX,Atascosa,1,311
TX,Bailey,1,50
TX,Bastrop,1,50
TX,Baylor,1,70
TX,Bee,1,148
TX,Bell,3,5686
TX,Bexar,13,23421
TX,Bosque,1,65
TX,Bowie,2,1776
TX,Brazoria,3,783
TX,Brazos,4,2910
TX,Brewster,1,124
TX,Brown,1,497
TX,Burnet,2,703
TX,Caldwell,1,100
TX,Calhoun,1,137
TX,Cameron,4,3331
TX,Camp,1,125
TX,Chambers,2,50
TX,Cherokee,2,167
TX,Childress,1,123
TX,Coleman,1,91
TX,Collin,13,11722
TX,Colorado,3,200
TX,Comal,1,454
TX,Cooke,2,114
TX,Coryell,1,170
TX,Dallam,1,50
TX,Dallas,29,23668
TX,Dawson,1,50
TX,De Witt,2,250
TX,Deaf Smith,1,63
TX,Denton,9,5582
TX,Dimmit,1,50
TX,Eastland,1,85
TX,Ector,2,1945
TX,El Paso,9,7027
TX,Ellis,2,1151
TX,Erath,1,420
TX,Falls,1,151
TX,Fayette,1,187
TX,Floyd,1,64
TX,Fort Bend,6,4288
TX,Galveston,2,1194
TX,Gillespie,1,345
TX,Gonzales,1,56
TX,Gray,1,377
TX,Grayson,3,1923
TX,Gregg,3,2021
TX,Guadalupe,1,291
TX,Hale,1,476
TX,Hamilton,1,177
TX,Harris,42,35011
TX,Harrison,1,460
TX,Hays,2,1160
TX,Henderson,1,640
TX,Hidalgo,6,6454
TX,Hill,1,170
TX,Hockley,1,178
TX,Hood,1,586
TX,Hopkins,1,238
TX,Houston,1,88
TX,Howard,1,360
TX,Hunt,1,1038
TX,Hutchinson,1,99
TX,Jack,1,51
TX,Jasper,1,158
TX,Jefferson,3,2886
TX,Jim Wells,1,219
TX,Johnson,3,1726
TX,Jones,3,58
TX,Kaufman,1,205
TX,Kerr,1,775
TX,Kimble,1,50
TX,Kleberg,1,306
TX,Lamar,1,339
TX,Lamb,1,51
TX,Lampasas,1,90
TX,Limestone,2,139
TX,Llano,1,50
TX,Lubbock,5,4263
TX,Martin,1,50
TX,Matagorda,2,265
TX,Maverick,1,415
TX,Mclennan,2,4455
TX,Medina,1,140
TX,Midland,1,336
TX,Milam,2,55
TX,Mitchell,1,69
TX,Montague,1,66
TX,Montgomery,6,2554
TX,Moore,1,151
TX,Nacogdoches,2,1056
TX,Navarro,1,406
TX,Nolan,1,120
TX,Nueces,4,3717
TX,Palo Pinto,1,227
TX,Panola,1,62
TX,Parker,1,611
TX,Polk,1,242
TX,Potter,3,4207
TX,Reeves,1,87
TX,Rockwall,2,696
TX,Rusk,1,182
TX,Sabine,1,50
TX,San Patricio,1,115
TX,Scurry,1,50
TX,Smith,4,5706
TX,Somervell,1,51
TX,Starr,1,95
TX,Stephens,1,55
TX,Swisher,1,50
TX,Tarrant,24,21925
TX,Taylor,2,1242
TX,Terry,1,93
TX,Titus,1,415
TX,Tom Green,2,1616
TX,Travis,11,10693
TX,Tyler,1,50
TX,Uvalde,1,199
TX,Val Verde,1,359
TX,Victoria,2,1111
TX,Walker,1,373
TX,Ward,1,50
TX,Washington,1,202
TX,Webb,2,1700
TX,Wharton,1,79
TX,Wichita,3,772
TX,Wilbarger,1,64
TX,Williamson,6,4643
TX,Wilson,1,133
TX,Wise,1,611
TX,Wood,2,146
TX,Yoakum,1,50
TX,Young,2,123
UT,Box Elder,2,263
UT,Cache,2,1464
UT,Carbon,1,382
UT,Davis,2,1358
UT,Duchesne,1,316
UT,Garfield,1,63
UT,Grand,1,50
UT,Iron,1,597
UT,Juab,1,231
UT,Kane,1,52
UT,Millard,2,50
UT,Salt Lake,12,15021
UT,San Juan,2,100
UT,Sanpete,2,219
UT,Sevier,1,198
UT,Summit,1,403
UT,Tooele,1,284
UT,Uintah,1,234
UT,Utah,5,5859
UT,Wasatch,1,144
UT,Washington,1,3535
UT,Weber,2,4062
VA,Accomack,1,355
VA,Albemarle,1,613
VA,Alexandria City,1,461
VA,Alleghany,1,260
VA,Arlington,2,2681
VA,Augusta,1,241
VA,Bath,1,50
VA,Bedford,1,265
VA,Buchanan,1,262
VA,Charlottesville City,1,960
VA,Chesapeake City,1,565
VA,Chesterfield,2,3767
VA,Culpeper,1,301
VA,Danville City,1,894
VA,Emporia City,1,180
VA,Essex,1,342
VA,Fairfax,4,2740
VA,Fauquier,1,591
VA,Franklin,1,290
VA,Franklin City,1,282
VA,Fredericksburg City,1,2791
VA,Galax City,1,449
VA,Giles,1,207
VA,Gloucester,1,445
VA,Halifax,1,797
VA,Hampton City,1,557
VA,Hanover,1,2048
VA,Harrisonburg City,1,731
VA,Henrico,2,5519
VA,Hopewell City,1,545
VA,James City,2,979
VA,Lancaster,1,166
VA,Lexington City,1,234
VA,Loudoun,2,689
VA,Lynchburg City,1,3573
VA,Manassas City,1,434
VA,Martinsville City,1,539
VA,Mecklenburg,1,324
VA,Montgomery,2,1354
VA,Newport News City,2,1990
VA,Norfolk City,4,2117
VA,Norton City,1,397
VA,Page,1,112
VA,Petersburg City,2,568
VA,Portsmouth City,1,1182
VA,Prince Edward,1,434
VA,Prince William,2,875
VA,Pulaski,1,248
VA,Richmond City,3,2256
VA,Roanoke City,1,2066
VA,Russell,1,140
VA,Salem,1,1110
VA,Shenandoah,1,342
VA,Smyth,1,211
VA,Spotsylvania,1,849
VA,Stafford,1,755
VA,Suffolk City,1,570
VA,Tazewell,2,598
VA,Virginia Beach City,2,1173
VA,Warren,1,234
VA,Washington,1,1038
VA,Winchester City,1,595
VA,Wise,1,502
VA,Wythe,1,397
VT,Addison,1,313
VT,Bennington,1,362
VT,Caledonia,1,321
VT,Chittenden,1,3760
VT,Franklin,1,459
VT,Lamoille,1,578
VT,Orange,1,326
VT,Orleans,1,240
VT,Rutland,1,936
VT,Washington,1,750
VT,Windham,2,388
VT,Windsor,2,324
WA,Adams,2,70
WA,Asotin,1,304
WA,Benton,3,1944
WA,Chelan,4,965
WA,Clallam,2,428
WA,Clark,2,2802
WA,Columbia,1,50
WA,Cowlitz,1,677
WA,Franklin,1,462
WA,Grant,4,417
WA,Grays Harbor,2,653
WA,Island,1,311
WA,Jefferson,1,276
WA,King,17,18826
WA,Kitsap,1,2133
WA,Kittitas,1,158
WA,Klickitat,2,103
WA,Lewis,2,699
WA,Lincoln,2,94
WA,Mason,1,308
WA,Okanogan,3,269
WA,Pacific,2,126
WA,Pend Oreille,1,76
WA,Pierce,6,12700
WA,Skagit,3,1383
WA,Snohomish,4,3766
WA,Spokane,5,4252
WA,Stevens,2,276
WA,Thurston,2,2069
WA,Walla Walla,2,1336
WA,Whatcom,1,1421
WA,Whitman,2,445
WA,Yakima,4,2241
WI,Adams,1,50
WI,Ashland,1,229
WI,Barron,3,736
WI,Brown,4,4346
WI,Burnett,1,62
WI,Calumet,1,139
WI,Chippewa,3,456
WI,Clark,1,76
WI,Columbia,2,663
WI,Crawford,1,234
WI,Dane,4,1496
WI,Dodge,3,885
WI,Door,1,361
WI,Douglas,1,128
WI,Dunn,1,264
WI,Eau Claire,3,2709
WI,Fond Du Lac,2,898
WI,Grant,3,435
WI,Green,1,415
WI,Green Lake,1,281
WI,Iowa,1,253
WI,Jackson,1,194
WI,Jefferson,1,353
WI,Juneau,1,142
WI,Kenosha,2,1773
WI,La Crosse,2,1278
WI,Lafayette,1,76
WI,Langlade,1,330
WI,Lincoln,2,181
WI,Manitowoc,2,739
WI,Marathon,2,2968
WI,Marinette,1,579
WI,Milwaukee,10,14477
WI,Monroe,2,274
WI,Oconto,2,150
WI,Oneida,2,1215
WI,Outagamie,3,3797
WI,Ozaukee,3,1811
WI,Pierce,1,244
WI,Polk,3,806
WI,Portage,1,984
WI,Price,1,137
WI,Racine,2,1359
WI,Richland,1,300
WI,Rock,4,2691
WI,Rusk,1,125
WI,Saint Croix,3,1037
WI,Sauk,3,1302
WI,Sawyer,1,157
WI,Shawano,1,220
WI,Sheboygan,2,1066
WI,Taylor,1,193
WI,Trempealeau,2,127
WI,Vernon,2,373
WI,Vilas,1,79
WI,Walworth,2,785
WI,Washburn,2,151
WI,Washington,2,1393
WI,Waukesha,4,3974
WI,Waupaca,1,169
WI,Waushara,1,50
WI,Winnebago,4,3003
WI,Wood,2,3291
WV,Barbour,1,50
WV,Berkeley,1,403
WV,Boone,1,125
WV,Braxton,1,66
WV,Cabell,2,2127
WV,Fayette,2,283
WV,Grant,1,299
WV,Greenbrier,1,524
WV,Hampshire,1,75
WV,Hancock,1,311
WV,Harrison,1,654
WV,Jackson,1,96
WV,Jefferson,1,159
WV,Kanawha,4,4930
WV,Lewis,1,318
WV,Logan,1,597
WV,Marion,1,362
WV,Marshall,1,374
WV,Mason,1,293
WV,Mcdowell,1,161
WV,Mercer,2,984
WV,Mineral,1,107
WV,Mingo,1,213
WV,Monongalia,2,1338
WV,Morgan,1,106
WV,Nicholas,1,269
WV,Ohio,2,2192
WV,Pocahontas,1,50
WV,Preston,1,111
WV,Raleigh,2,992
WV,Randolph,1,366
WV,Roane,1,50
WV,Taylor,1,50
WV,Upshur,1,50
WV,Wetzel,1,69
WV,Wood,1,804
WY,Albany,1,413
WY,Big Horn,2,50
WY,Campbell,1,343
WY,Carbon,1,72
WY,Converse,1,122
WY,Fremont,1,337
WY,Goshen,1,104
WY,Hot Springs,1,63
WY,Laramie,1,645
WY,Lincoln,2,197
WY,Natrona,3,1472
WY,Park,2,374
WY,Platte,1,65
WY,Sheridan,1,562
WY,Sweetwater,2,402
WY,Teton,1,476
WY,Uinta,1,119
WY,Washakie,1,62
